Inspector,Target Inspection in this week
abhishek.bhadauriya,30
kasam.ganesh,33
nithin.n,31
yadhukrishnan.pu,30
k.srikanth,30
ashish.2,35
alla.bakash,31
imran.khan,37
ajeet.singh,30
mandar.rahatwal,30
debu.haldar,30
manish.kumar18,30
raj.kumar5,30
ranveer.kant,31
rohit.kumar6,39
ashish.naskar,30
suraj.kumar3,31
sufiyan.shaikh,30
maharaja.b,30
omkar.ambike,30
daneshwar.dahibhate,30
muthu.kumaresan,30
monis.1,31
jafar.shaikh,30
mayank.mehrotra,30
pawan.kumar1,31
kamal.1,43
soutan.mallick,30
diwan.mohammad,30
niraj.2,51
mohan.raj,30
dineshbabu.umapathy,30
dipin.vijayan,30
ashish.srivastava1,30
surendra.g,30
vinodh.a,45
pawan.sharma,30
amrish.1,38
ghan.shyam,35
narendra.lodhi,30
shaik.matheen,30
mohammad.farman,30
tenali.kanna,32
irfan.pasha,30
pallammoni.yadav,30
rajbeer.singh,41
kota.sai,31
rajkumar.pawar,30
vinod.bhujbal,30
samir.alam,37
shamala.lingaswamy,30
ham.kamalapur,31
ravi.kumawat,30
deepak.singh6,30
aalish.1,30
shiv.kentura,31
ramakant.bhardwaj,30
rahul.pb,31
mehul.bhatt,30
ramesh.vibhuthi,32
md.khurshid,32
muggu.hareesh,31
vishal.savita,30
shubham.negi1,31
mohammad.javed,30
shaik.imran,32
gurwinder.singh,30
nazeem.hussin,31
aakash.rathi,30
kruthivada.sridhar,30
santosh.gorivale,30
sachin.gorakh,32
dinesha.b,32
amiyo.kundu,39
saurabh.shirke,31
boosara.chaitanya,30
tarsem.singh,30
shahil.bhai,30
tamsil.mujawar,31
chandan.maurya,39
sakir.afzalhusen,30
akash.kadam,30
sharukh.khan,30
mohammed.suhail1,40
ganesan.krishnasamy,30
nithyananda.mn,30
dev.raj,31
sandeep.singh3,31
kailas.bhimkar,32
himanshu.pandey,30
baljeet.singh1,30
sandeep.5,30
muin.khan,30
anil.gangrade,42
ram.prakash1,67
roston.fernandes,39
kaki.siva,30
arun.thakur,30
ravindra.babu,31
pritam.mondal,30
jaganathan.p,30
mohammad.saif1,30
ranjith.jain,30
prasad.mane,31
cheningi.praveen,30
ajinkya.sawant,30
kesaboiena.raju,45
v.kushal,30
majid.shaikh,30
ashish.kumar9,30
nimbore.bapu,31
naeem.2,31
rehbar.shah,30
keshar.sharma,30
yeshwanth.n,30
bhanu.chander,30
shamon.ts,30
jim.staford,31
shobhit.gupta,31
kondaveeti.manoj,30
m.riyas,30
diljot.singh,31
chandan.gond,30
farman.ahmad,30
ravi.kumar7,30
islam.mondal,32
ghanshyam.galathiya,30
jay.gohel,30
harshad.kasar,30
thatipelly.naresh,30
rizwan.qureshi,30
hasan.shaikh1,30
ateequrrahman.1,30
shameer.pathan,35
tulsi.ram,32
dhananjay.singh,30
malek.aarif,30
gurvinder.singh,30
venkatesh.bisht,30
shahbaz.ghachi,30
nadeem.qazi,30
karim.sheikh,30
kamal.pasha,35
satheesh.gopakumar,30
kiran.s3,30
harish.panneerselvam,34
prashantha.bj,30
deepak.yadav3,30
wasim.akram1,30
ranjeet.1,30
devendra.naruka,31
abdulrajak.pathan,30
raju.sharma,35
shazed.khan,31
nilesh.mankar,30
manjeet.kumar,30
tirtharaj.bade,30
ashish.kumar2,36
inderjeet.singh,38
kapil.kumar2,35
himalay.sain,30
deepak.13,30
vishal.pote,30
krishan.murari,31
mohd.saleem,30
taher.kapasi,30
shabeer.pasha,30
amitkumar.desai,30
omprakash.mavar,40
rajith.r,31
nirmal.kumar,31
dinesh.khatri,30
maskuri.karthik,35
suresh.tiwari,30
gautam.jangid,30
shivam.giri,30
ganesh.rawal,42
chanpreet.singh,39
prabhu.c,31
ingle.manoj,30
girish.saji,31
chauhan.hardevsinh,30
dadasaheb.bhujbal,31
bharat.singh1,30
arjunlal.pb,30
deepak.kumar10,31
rajesh.suman,30
aswan.g,31
harish.subramanian,31
va.prabu,35
maniyar.faiyaz,41
shaktidhar.tiwari,32
arun.kumar13,35
karmbir.1,31
rahul.nagar,30
rajendra.g,43
sandeep.rajbhar,31
ajay.sharma1,30
yellam.shiva,30
abdulla.1,30
humayun.kabir,30
mitesh.palsetia,30
utkarsh.shukla,30
nadeem.pasha,30
sharad.basant,31
jatinder.1,30
saranraj.k,30
sumit.singh1,30
sagar.kadam,30
shaikh.siddique,30
shamsher.singh,30
vignesh.s1,30
sunil.kumar10,32
prince.nishad,31
tentu.harikrishna,39
deepak.dahiya,30
tayab.pasha,39
rais.rehman,30
imdad.1,31
appari.swamy,30
vignesh.a,30
faijan.malek,30
sanjay.1,33
mohammad.hussain,30
suhas.m,40
panchal.dhruvit,30
vinayak.toragalla,30
touseef.maldar,30
em.vigash,30
aniket.vishwanath,30
yogendra.singh1,30
shailendra.yadav,31
biraj.saha,30
purushothaman.u,30
gowtham.gopal,30
mahender.kumar,30
hasan.shaikhsp,30
vijaykumar.dubey,30
shantilal.choan,30
mandani.vanraj,30
mandeep.singh5,30
jinshad.ravuthar,30
krupashankar.soni,30
md.siraj,30
bhimsain.pathak,39
dileep.kumar1,30
naresh.kumar2,30
vikas.pal,39
ariga.avinash,30
arjun.singh,36
balaji.ks,30
sharath.babu,30
athul.c,30
nikhilesh.parmar,30
vikram.g,30
rajesh.ram,30
sushil.kumar,39
radhe.yadav,30
naveen.singh,32
krishan.kumar2,30
sunil.saggam,30
amit.kumar28,30
khwaja.azeem,42
tejas.sawant,30
taposh.naskar,30
agnel.dsouza,32
veerendra.gandu,30
navneet.pal,30
bayya.ramu,31
james.v,30
nitin.sharma1,30
naazar.s,38
karthik.b1,31
ajinkya.patil,30
abubakkar.siddiq,30
devkinandan.solanki,43
jatin.dhameliya,30
tejas.parekh,30
soudarapu.sunil,32
deepak.masavan,30
krishna.yadav1,30
mohd.irshad,30
ashok.muniraj,30
premchand.prajapati,30
vijay.swami,34
alok.kumar3,30
monu.kumar,30
suhel.kazi,30
mahesh.s,30
kandregula.kumar,30
ravinder.negi,32
vishnu.1,41
mayur.naghate,40
jitendra.kamble,31
shravan.desai,32
vijay.b,32
panchal.jagdishbhai,31
ashish.kori,30
mohammed.rashid,30
ajay.3,30
akash.thite,30
mahesh.kumar,31
m.yuvaraj,30
deepak.2,30
shiv.pal,31
anis.ahmad,30
santosh.bhadvankar,30
harinder.kumar,30
vasu.devo,31
roshan.tt,30
bilal.khan,30
ram.moond,30
rahul.dey,30
jagdish.kumawat,30
vishnu.m,30
vikram.murugesan,39
manikandan.subbaiya,30
sohel.shaikh1,30
trivedi.niraj,40
samsher.ali,46
alok.mahato,30
sandeep.kumar12,30
dinesh.kumar7,31
mohammad.salman2,31
deepak.verma1,31
riyaz.uddin,30
yeshudas.waidande,30
siranjeeve.sangaraganaguru,30
aziz.sabugar,30
lokesh.r,38
vinayaka.by,30
anil.sain,30
saddam.hussain,31
mohammed.irshad,31
abhishek.jain,31
guniganti.goud,30
balaji.malge,30
vinod.v,30
balkesh.chamar,40
irfan.khan,39
arun.kumar4,30
aishwar.poojari,31
sarvana.pandi,30
momin.husen,30
vinay.kumar5,30
vikas.parsad,30
akash.vinod,37
Pankaj.Kumar11,30
vicky.1,35
ejas.pa,30
sivaraj.s,30
lalit.kumar3,37
ravi.prajapat,32
kuldeep.8,30
raj.kumar9,30
anandharaj.palanisamy,30
raj.kumar3,30
shaik.asad,32
akshay.ghutukade,30
sanjiv.kumar,30
bava.vijaybharthi,30
gursewak.singh,30
swapnil.gore,37
ananthu.jaya,30
saiyad.safimahammad,30
mukesh.dudhal,30
sakir.zamadar,37
sushil.kumar4,35
sandeep.gujbhiye,30
mahesh.yerla,30
kannan.ck,30
azhruddin.ansari,31
tabrez.1,30
joel.crasta,32
mukesh.kumar3,30
priyank.patel,30
himanshu.sharma2,38
karoj.thomas,30
abhay.saini,37
amarjeet.yadav,41
ameer.shaikh1,30
vaibhav.dige,30
hitesh.kumar,32
ravi.gupta,30
mahammad.faqroddin,31
pankaj.kumar4,30
sudhanshu.shukla,30
tauqir.ahmed,30
cheela.kumar,31
inderjeet.1,30
parmar.raghurajsinh,30
dhaniyakula.jagan,31
dudekula.hymad1,44
pradeep.kumar5,30
kapadiya.rakeshkumar,30
rakesh.kumar7,30
pratul.wagh,30
ganesh.kesav,40
ashish.pradhan,31
kalab.ali,30
subhash.chand,35
milan.b,30
pawan.kumar2,30
subhojit.joardar,30
pradeep.kumar1p,30
sonu.kadu,30
aman.kumar4,30
sachin.lauhan,38
ashok.kumar2,31
ajith.kumar1,39
sanjay.khan,30
abdul.2,32
suresh.baraskar,31
prabhu.s,30
sohan.yadav,30
gunte.mahadev,33
santhosh.bhat,31
subhankar.das,30
sandeep.patidar,30
ramesh.muruganandam,30
ajith.kumar2,30
dinesh.4,30
gulrez.ansari,30
sharukh.mansuri,30
sunder.singh,42
sundra.singh,37
manjit.2,30
ashok.kumar4,30
mohammad.imran,30
balakrishna.g,31
padhiyar.chirag,30
hariesh.kumar,37
vijaya.s,48
santosh.jaiswal,30
amandeep.singh3,30
sadiq.pasha,30
anil.sharma1,30
satish.kumar2,30
pravin.kawle,31
sandip.kumar,30
sachin.13,30
firoz.khan,40
chintha.nagaraju,38
febin.biji,30
sandeep.reddy,30
sadaqath.hussain,30
surjeet.singh,42
rajveer.singh,30
duddukuru.kumar,30
parankusham.prashanth,30
sohil.ks,30
s.boobalan,30
sathish.1,30
prashant.sutar1,35
firoj.mulani,30
ankush.gore,30
girish.sulakhe,30
kamran.beg,30
rahamath.ulla,30
asadulla.khan,31
rakesh.nachare,30
vipul.thakor,30
zueab.khan,30
bhavik.siddhapura,31
sudheer.shetty1,30
saleem.basha,30
mohandeep.singh,31
sunny.dewal,31
manish.3,32
mageshkumar.s,32
prasad.ohal,30
rahul.kumar2,38
mohit.4,35
vignesh.6,31
yousef.hathab,30
tahir.hussain,30
kuldeep.singh2,47
tabish.malek,30
ajay.saini,32
vinod.kumar5,30
abhishek.verma,30
akash.singh1,30
devendra.shahare,30
akash.kumar,32
manish.kumar3,31
vishal.londhe,30
mustufa.safdarhussain,30
panchal.nirav,31
shamshad.ali,30
naveenkumar.i,31
bhushan.raut,30
pritam.kumar,30
sanjay.sharma,31
manish.rawat,38
prashanth.b,33
mohammed.younus,30
jai.meena,30
prakash.khutwed,30
manoj.kumar10,30
irfan.ansaeri1,30
irfan.ahmed,30
pravin.shelar,30
mitesh.patel,30
manish.kumar22,30
omer.farooq,30
akhil.r,30
chavda.jayeshkumar,32
shajuddin.shaikh,30
karthik.m1,30
deepak.14,30
panjala.ramankumar,30
manikandan.m,30
jitendra.shinde,30
amit.kumar7,30
narayana.swamy1,31
krishnamoorthy.kaliyappan,30
ritesh.wagh,30
ameer.ali,31
deepak.18,30
santhosh.bm,30
vakil.kumar,41
narendra.waghmare,30
ashique.ms,30
meiyazhagan.n,30
harjeet.yadav,30
deepak.16,35
dayanand.hanumantt,30
shashi.baghel,30
tejveer.saini,35
anantha.sundar,30
rohit.yadav4,31
santosh.kumar4,40
atul.awaghade,30
raghuvir.shakya,30
mobin.ali,30
ravindra.kumar,30
imran.ali1,30
kamil.salmani,30
ashok.viswanathan,44
surendra.m,40
manthan.rathod,30
vivek.negi,33
manjunath.kammar,33
nanak.chand,35
paramesh.mr,31
vishal.ghadge,32
tabrez.pasha,31
atul.sharma1,30
rashid.1,37
somveer.singh,33
bhupesh.kini,30
guruprasad.2,30
kuldeep.kumar3,32
sunilkumar.yadav,41
vilas.chavan,30
arbaz.shaikh,30
navin.salve,30
nitin.dhawade,30
arul.pandiyan,30
andhulla.srinivas,30
logeswaran.s,30
b.bharath,30
vickykumar.palavwala,30
roshan.kadam,31
harishmurthy.g,31
samarth.mane,30
bharat.kumar2,30
mohammad.kamaluddin,32
bhavesh.mer,30
amit.sharma1,31
devendra.algotar,30
harish.pingulkar,31
afzal.divan,30
harpreet.singh1,30
vineesh.rl,30
Prasanna.u,32
ateet.singh,30
manikandan.ranganathan,35
harsh.kumar,31
narain.singh,30
changir.1,32
sunny.kumar1,31
amit.sarkar,39
darshankumar.patel,30
hardeep.singh,30
anand.r,30
ranjith.kumar2,31
saurabh.avinash,31
tarun.sule,30
tarun.kumar4,32
suresh.p,32
gurpreet.singh6,30
sonu.yadav,30
vivek.hirapara,30
sunil.kokate,30
pradeep.kumar12,30
shaikh.tausif,30
jakeerhussain.gm,30
kamlesh.songara,30
rajesh.a,30
nunamunthala.nagaraju,32
mohd.rafiq,31
siddhesh.shete,30
narsimha.raju,32
umesh.lk,30
rajkumar.chauhan,40
ram.pratap,30
krishan.1,30
rudresh.n,31
md.imtiyaz,30
chintapalli.ganesh,30
jackey.1,30
sachin.tanaji,30
vakar.khan,30
amish.kumar,30
mohammad.shamim,31
naveen.harakeri,30
surinder.kumar1,30
parmar.nirmalsinh,30
chalesh.tc,30
amit.kumar24,30
rathod.dax,30
deepak.17,30
satyawan.1,30
mansuri.rijavanbhai,30
dinesh.kumar3,31
pankaj.kumar3,32
anand.singh1,30
jagadesh.kumar,30
prakash.prajapati,31
ejaz.shaikh,30
neeraj.1,32
sugumaran.m,30
patel.kenil,30
rohit.8,31
kuldeep.11,30
rizvan.yasin,30
aalok.1,30
abdul.shadab,30
sushil.kumar1,31
syed.altaf,32
roshan.turkar,30
mehtab.hasan,32
ram.kishan,30
satish.chaudhary,35
pardeep.kumar3,30
shaik.sameer,30
poptani.jaydip,33
rajendra.singh,30
kudiyarasu.b,30
ajay.shakya,43
raju.purohit,41
raj.radadiya,30
gurbaksh.singh,30
sahil.2,32
rravindra.kumar,32
vipin.kumar,30
nitin.rohilla,30
talapalli.raju,31
chetan.prajapat,37
vignesh.kumar1,30
mukesh.jat,30
dhanush.u,30
sharim.hammad,31
lalit.chauhan@spinny.com,41
abdul.hafiz,37
mohd.danish,30
diwan.shakilsha,30
gopi.m,35
anilbhai.parmar,31
malyam.praveen,37
thilak.raj,31
wasim.shaikh1,31
ravikant.kushwaha,30
abhijit.khanra1,30
aman.kumar1,33
manoj.varun,30
santosh.dodla,30
vishnu.pillai,30
tajinder.singh,30
austine.vegas,30
bipin.gupta,30
prajapati.mehulkumar,30
mohsin.khan1,35
nitesh.pake,30
pankaj.verma,39
niteesh.nyasargi,30
yogesh.prajapati,30
imran.pathan1,30
ganesh.kendre,30
mohd.ajahar,30
godwin.shatagar,30
bijil.pr,30
syam.yuddam,30
tummala.jashuva,30
mohd.anus,30
devmorari.paresh,30
aftab.husen,30
chandan.kumar1,42
raghavendra.m,32
somashekara.t,30
bhagwan.singh1,30
parag.kandoriya,30
talla.sairam,30
surya.prakash,30
roshan.gusain,31
humayun.madhani,30
ajay.pal,30
naved.shaikh,30
altamash.rangrej,30
kiran.kr,30
neeraj.2,32
akhilesh.singh,31
arjun.landge,30
amey.kadam,31
navaj.pathan,30
munja.satish,30
anuj.tyagi,30
rajesh.kumar5,30
sadham.thahir,30
prasanth.jayasankar,30
gayas.ali,30
guvvala.balashowry,30
mukesh.pandit,35
mukesh.kumar1,33
manju.c,30
satwinder.singh,30
sharathkumar.mk,39
pravat.naskar,30
komera.sudharshan,30
subbiah.1,30
ashik.ka,30
sunil.kumar5,30
preetham.bp,30
iranna.shindagi,30
rahula.kathawate,39
shiva.s,30
kolukuluri.saikrishna,44
kewal.krishna,40
ganesha.pm,30
jai.bhagwan,30
khadar.basha,35
ankit.patidar,30
bhanwar.panwar,37
rafik.silar,30
kaustubh.gambhire,30
darji.alpesh,30
shyamkant.pandit,31
ravikumar.rasala,30
kulwant.singh,30
mohammd.asim,31
umar.mukthar,30
arunkumar.vinayagam,30
mohammed.azar,31
shaz.1,30
sarbjit.singh,30
kamlesh.ram,30
moinul.hossain,40
herish.patel,31
ashish.8,30
vikash.1,30
nesamani.sivakumar,30
iyyappan.lakshmanan,31
sachin.pawar,31
wahid.ahmed,42
yuvarajan.n,30
raval.nayan,30
sandeep.kumar5,42
mushtaq.londewale,32
najim.shaikh,30
sanjeev.bharti,32
shaikh.imran,30
gaurav.singh4,33
anand.tiwari,31
arjun.prajapti,30
surendra.kumar,38
mohd.hasan,35
kiran.kambale,30
sandeep.1,30
orangjeb.1,37
sushant.kerkar,30
nagori.mahammadajim,30
rajesh.singh,44
jai.prakash,30
ninad.patil,31
dharmveer.1,32
prashant.jagdale,30
azad.1,31
karampal.1,31
siraj.1,45
sajid.gadakari,32
rathod.darshan,30
yousuf.khan,31
vivek.kumar1,30
nagaraja.1,31
jeevan.p,30
mohd.rizwan2,30
mohammedfaiz.abdulriyaz,30
kailash.kevale,30
rajan.p,30
manish.s,35
jakir.tajudeen,31
parth.patel,42
sunil.gupta1,35
kalsariya.pareshkumar,30
shubham.ahire,30
renjith.raj,30
mukesh.bhandari,32
shambhu.ghosh,32
seetharamu.g,31
mohammad.shaikh,35
himanshu.1,30
baladaniya.vishal,30
laique.ansari,30
mohsin.sayyed,30
vaibhav.wankhede,39
lingaraju.t,30
pradeep.kumar4,30
arthash.ahamed,30
dev.swaroop,30
tanna.meet,30
ahtesham.nallamandu,30
sombir.singh,31
visal.nath,30
panchasara.natvarlal,30
krushna.sonar,30
sunil.khawale,30
akshay.logade,30
tousif.bepari,30
pankaj.puri,30
deepak.11,51
ranjith.kumar3,30
sunil.kumar,31
omprakash.regar,30
amol.pawar,30
rajesh.chauhan,30
vinothkumar.malairaja,30
balasaheb.shirole,30
aatif.ansari1,30
atul.sawant,30
anuj.kaushik,30
jitender.kumar,30
nitin.bhatia,38
gurmeet.singh,30
mohammed.inayath,30
jijuram.1,30
harsh.mirani,30
abhishek.srivastav,30
aadki.nagraj,30
vimlesh.sharma,30
arbaj.pathan,30
harkesh.kumar,40
yashin.s,30
s.aravindh,30
sandesh.kamble,30
amit.singh3,30
akshay.kumar2,30
prashant.kharat,30
amalan.pio,30
umar.ali,30
ketanbhai.tanchak,31
balaji.e,30
sunil.jangid,31
yogeshwaran.v,30
naresh.tummala,30
rajdeep.pawar,30
rajasekaran.thulasiraman,46
j.munuswamy,30
vaidya.devang,30
praseel.kp1,30
kadali.subrahamanyam,30
deepak.swami,39
nilratan.biswas,30
rajendra.baghela,44
jitender.singh,30
hitesh.patel,31
gurpreet.singh7,30
juned.alotwala,31
sonwane.kantilal,30
prem.soni,30
maksud.ansari,38
ajay.gatkhane,30
pal.jitendra,31
naresh.s,31
ashwath.kumar,47
kunal.chavan,30
arun.dutta,30
jitendra.srivastav,30
avinash.potphode,30
sanu.shaji,30
surjeet.kumar,33
ashim.bera,30
deepak.singh,32
ishwar.lal,30
aswanth.ac,30
vipin.vijayan,30
dixit.devmurari,30
ritik.3,32
rangeeth.tr,30
ganesh.a,31
maneet.kumar,30
rajveer.1,31
sanjeev.kumar3,30
vinay.verma,30
shubham.dalvi,30
harnek.singh,30
nileshkumar.thakor,30
madhusudhan.yg,32
kamlesh.ninama,30
ankit.10,32
mahababur.rahaman,31
arun.singh1,31
vineeth.v,30
derangula.mallesh,30
kammari.chary,32
akash.hatagare,31
sachin.gimavkar,30
thummagunta.ramesh,30
prashant.pawar,30
kamlakar.jadhav,30
firose.khan,37
avinash.2,30
affan.ansari,31
rudra.bhandari,32
balaji.gothmukhale,31
neeraj.pal,30
niketan.wankhede,30
rajput.hitesh,30
naveen.br,30
rakesh.mangala,30
darshan.sehgal,30
saqib.khan,30
bhagath.raj,30
shivam.thakar,30
md.faraz,30
kamal.prajapat,31
madesh.sekar,30
yatnesh.candrakant,30
arjun.yadav,30
ramlal.s,30
sonerao.hake,30
prakash.1,30
roshan.dagheer,30
gayakwad.kalpesh,32
md.mukharram,30
imran.khan2,32
amit.kumar2,31
saikat.halder,30
riku.acharjee,30
anil.kumar3,30
shaikh.ruzanuddin,30
deepak.kumar7,35
binod.swami,30
sashidhar.puduri,31
pankaj.katare,30
giri.raj,31
girish.nc,31
akash.dhembare,30
sharan.s,30
moin.hassan,30
rohith.1,35
chavda.virendrasinh,30
abdul.siddiq,30
mansuri.sarfaraj,30
ikrar.1,31
mahesh.chand,32
dilip.gowda,30
manjunatha.t,31
shiv.prakash,31
pippera.kumar,32
shahid.hussain,30
prajapati.krushang,30
santhosh.sm,32
maninder.singh,31
kedarnath.nakate,31
sumit.7,30
kapil.dev,32
vikas.kadam,30
balamurugan.gopalakrishnan,30
amruth.raj,31
jaison.kumar,30
shahzad.ali,30
kapil.kumar,30
somnath.chavan,30
thakor.hirasinh,30
anil.s,31
vaseem.1,30
ayyappan.m,30
nagarjuna.k1,30
karthick.reddy,30
sunil.kumar12,30
gajjar.amitkumar,30
kamran.khan,30
hariom.kewat,30
ajith.joseph,30
vinu.m,30
aditya.vishwakerma,30
arif.nadaf,30
makvana.vijay,32
chaitanya.varma,30
chethan.r,30
vijay.a1,30
deepak.21,31
sandeep.pal,30
vikas.patil,30
nitin.meshram,30
jayant.koyande,32
rahim.shaikh,30
sarthak.ganji,30
Laxman.Yadav,30
sudhakar.singh,31
akhil.thomas,31
vishal.uppalwar,30
rekala.gopichand,30
chimarla.reddy,30
praveen.rajput,30
vishal.thakor,30
mohammed.haji,30
nithin.bp,30
shalim.1,32
praveen.achole,30
syed.wajid,32
atul.malviya,30
rohit.13,30
heet.sapariya,30
abhishek.10,32